gene,star_allele,rsid,function,pgx_allele_frequency,hom_ref,het,hom_alt,total_alleles,confidence_interval,notes
CYP2B6,*4,rs28399499,no function,0.0,86,0,0,172,0.0000-0.0218,PGx allele: C (orientation: ALT)
CYP2B6,*6,rs3745274,decreased function,0.366279,35,39,12,172,0.2979-0.4405,PGx allele: T (orientation: ALT)
CYP2C19,*17,rs12248560,increased function,0.110465,67,19,0,172,0.0719-0.1661,PGx allele: T (orientation: ALT)
CYP2C19,*2,rs4244285,no function,0.325581,40,36,10,172,0.2600-0.3988,PGx allele: A (orientation: ALT)
CYP2C19,*3,rs4986893,no function,0.023256,82,4,0,172,0.0091-0.0583,PGx allele: A (orientation: ALT)
CYP2C9,*2,rs1799853,decreased function,0.017442,83,3,0,172,0.0059-0.0500,PGx allele: T (orientation: ALT)
CYP2C9,*3,rs1057910,no function,0.116279,66,20,0,172,0.0765-0.1728,PGx allele: C (orientation: ALT)
CYP2D6,*10,rs1065852,decreased function,0.255814,51,26,9,172,0.1964-0.3259,PGx allele: A (orientation: ALT)
CYP2D6,*4,rs3892097,no function,0.122093,68,15,3,172,0.0813-0.1794,PGx allele: T (orientation: ALT)
CYP3A4,*1G,rs2242480,decreased function,0.372093,36,36,14,172,0.3034-0.4464,PGx allele: T (orientation: ALT)
CYP3A4,*22,rs35599367,decreased function,0.0,86,0,0,172,0.0000-0.0218,PGx allele: A (orientation: ALT)
CYP3A5,*3,rs776746,no function,0.633721,12,39,35,172,0.5595-0.7021,PGx allele: C (orientation: REF)
CYP4F2,*3,rs2108622,decreased function,0.412791,29,43,14,172,0.3419-0.4875,PGx allele: T (orientation: ALT)
DPYD,*2A,rs3918290,no function,0.0,86,0,0,172,0.0000-0.0218,PGx allele: T (orientation: ALT)
DPYD,C29R,rs1801265,decreased function,0.80814,2,29,55,172,0.7428-0.8600,PGx allele: A (orientation: ALT)
DPYD,c.2846A>T,rs67376798,decreased function,0.0,86,0,0,172,0.0000-0.0218,PGx allele: A (orientation: ALT)
F5,Leiden,rs6025,thrombophilia,0.017442,83,3,0,172,0.0059-0.0500,PGx allele: T (orientation: REF)
G6PD,A-,rs1050828,decreased function,0.0,86,0,0,130,0.0000-0.0287,PGx allele: T (orientation: ALT)
G6PD,Mediterranean,rs1050829,no function,0.0,86,0,0,130,0.0000-0.0287,PGx allele: C (orientation: ALT)
MTHFR,A1298C,rs1801131,decreased function,0.412791,29,43,14,172,0.3419-0.4875,PGx allele: G (orientation: ALT)
MTHFR,C677T,rs1801133,decreased function,0.122093,65,21,0,172,0.0813-0.1794,PGx allele: A (orientation: ALT)
SLCO1B1,*1B,rs2306283,decreased function,0.563953,19,37,30,172,0.4892-0.6359,PGx allele: G (orientation: ALT)
SLCO1B1,*5,rs4149056,decreased function,0.052326,77,9,0,172,0.0278-0.0964,PGx allele: C (orientation: ALT)
TPMT,*2,rs1800462,no function,0.0,86,0,0,172,0.0000-0.0218,PGx allele: G (orientation: ALT)
TPMT,*3A,rs1800460,no function,0.017442,83,3,0,172,0.0059-0.0500,PGx allele: T (orientation: ALT)
TPMT,*3C,rs1142345,no function,0.02907,81,5,0,172,0.0125-0.0662,PGx allele: C (orientation: ALT)
VKORC1,-1639G>A,rs9923231,sensitivity,0.156977,60,25,1,172,0.1102-0.2188,PGx allele: T (orientation: ALT)
VKORC1,1542G>C,rs9934438,sensitivity,0.156977,60,25,1,172,0.1102-0.2188,PGx allele: A (orientation: ALT)
VKORC1,2255C>T,rs7294,sensitivity,0.784884,4,29,53,172,0.7176-0.8397,PGx allele: T (orientation: ALT)
