gene,star_allele,rsid,function,population,pgx_allele_frequency,sample_size,confidence_interval
CYP2B6,*4,rs28399499,no function,AFR,0.082451,661,0.0688-0.0985
CYP2B6,*4,rs28399499,no function,BEB,0.0,86,0.0000-0.0218
CYP2B6,*4,rs28399499,no function,EUR,0.0,503,0.0000-0.0038
CYP2B6,*4,rs28399499,no function,SAS_EXCL_BEB,0.0,403,0.0000-0.0047
CYP2B6,*6,rs3745274,decreased function,AFR,0.374433,661,0.3487-0.4009
CYP2B6,*6,rs3745274,decreased function,BEB,0.366279,86,0.2979-0.4405
CYP2B6,*6,rs3745274,decreased function,EUR,0.235586,503,0.2104-0.2628
CYP2B6,*6,rs3745274,decreased function,SAS_EXCL_BEB,0.384615,403,0.3517-0.4187
CYP2C19,*17,rs12248560,increased function,AFR,0.23525,661,0.2132-0.2589
CYP2C19,*17,rs12248560,increased function,BEB,0.110465,86,0.0719-0.1661
CYP2C19,*17,rs12248560,increased function,EUR,0.223658,503,0.1990-0.2504
CYP2C19,*17,rs12248560,increased function,SAS_EXCL_BEB,0.141439,403,0.1191-0.1672
CYP2C19,*2,rs4244285,no function,AFR,0.170197,661,0.1509-0.1914
CYP2C19,*2,rs4244285,no function,BEB,0.325581,86,0.2600-0.3988
CYP2C19,*2,rs4244285,no function,EUR,0.145129,503,0.1247-0.1682
CYP2C19,*2,rs4244285,no function,SAS_EXCL_BEB,0.364764,403,0.3322-0.3986
CYP2C19,*3,rs4986893,no function,AFR,0.002269,661,0.0008-0.0067
CYP2C19,*3,rs4986893,no function,BEB,0.023256,86,0.0091-0.0583
CYP2C19,*3,rs4986893,no function,EUR,0.0,503,0.0000-0.0038
CYP2C19,*3,rs4986893,no function,SAS_EXCL_BEB,0.009926,403,0.0050-0.0195
CYP2C9,*2,rs1799853,decreased function,AFR,0.008321,661,0.0047-0.0148
CYP2C9,*2,rs1799853,decreased function,BEB,0.017442,86,0.0059-0.0500
CYP2C9,*2,rs1799853,decreased function,EUR,0.124254,503,0.1053-0.1461
CYP2C9,*2,rs1799853,decreased function,SAS_EXCL_BEB,0.038462,403,0.0272-0.0541
CYP2C9,*3,rs1057910,no function,AFR,0.002269,661,0.0008-0.0067
CYP2C9,*3,rs1057910,no function,BEB,0.116279,86,0.0765-0.1728
CYP2C9,*3,rs1057910,no function,EUR,0.072565,503,0.0581-0.0903
CYP2C9,*3,rs1057910,no function,SAS_EXCL_BEB,0.10794,403,0.0883-0.1313
CYP2D6,*10,rs1065852,decreased function,AFR,0.112708,661,0.0968-0.1309
CYP2D6,*10,rs1065852,decreased function,BEB,0.255814,86,0.1964-0.3259
CYP2D6,*10,rs1065852,decreased function,EUR,0.201789,503,0.1781-0.2277
CYP2D6,*10,rs1065852,decreased function,SAS_EXCL_BEB,0.145161,403,0.1225-0.1712
CYP2D6,*4,rs3892097,no function,AFR,0.060514,661,0.0489-0.0747
CYP2D6,*4,rs3892097,no function,BEB,0.122093,86,0.0813-0.1794
CYP2D6,*4,rs3892097,no function,EUR,0.185885,503,0.1631-0.2111
CYP2D6,*4,rs3892097,no function,SAS_EXCL_BEB,0.1067,403,0.0872-0.1299
CYP3A4,*1G,rs2242480,decreased function,AFR,0.850227,661,0.8300-0.8684
CYP3A4,*1G,rs2242480,decreased function,BEB,0.372093,86,0.3034-0.4464
CYP3A4,*1G,rs2242480,decreased function,EUR,0.081511,503,0.0662-0.1001
CYP3A4,*1G,rs2242480,decreased function,SAS_EXCL_BEB,0.370968,403,0.3383-0.4049
CYP3A4,*22,rs35599367,decreased function,AFR,0.000756,661,0.0001-0.0043
CYP3A4,*22,rs35599367,decreased function,BEB,0.0,86,0.0000-0.0218
CYP3A4,*22,rs35599367,decreased function,EUR,0.049702,503,0.0379-0.0649
CYP3A4,*22,rs35599367,decreased function,SAS_EXCL_BEB,0.007444,403,0.0034-0.0161
CYP3A5,*3,rs776746,no function,AFR,0.18003,661,0.1603-0.2017
CYP3A5,*3,rs776746,no function,BEB,0.633721,86,0.5595-0.7021
CYP3A5,*3,rs776746,no function,EUR,0.94334,503,0.9273-0.9560
CYP3A5,*3,rs776746,no function,SAS_EXCL_BEB,0.674938,403,0.6418-0.7064
CYP4F2,*3,rs2108622,decreased function,AFR,0.082451,661,0.0688-0.0985
CYP4F2,*3,rs2108622,decreased function,BEB,0.412791,86,0.3419-0.4875
CYP4F2,*3,rs2108622,decreased function,EUR,0.290258,503,0.2631-0.3191
CYP4F2,*3,rs2108622,decreased function,SAS_EXCL_BEB,0.413151,403,0.3796-0.4475
DPYD,*2A,rs3918290,no function,AFR,0.000756,661,0.0001-0.0043
DPYD,*2A,rs3918290,no function,BEB,0.0,86,0.0000-0.0218
DPYD,*2A,rs3918290,no function,EUR,0.00497,503,0.0021-0.0116
DPYD,*2A,rs3918290,no function,SAS_EXCL_BEB,0.009926,403,0.0050-0.0195
DPYD,C29R,rs1801265,decreased function,AFR,0.558245,661,0.5313-0.5848
DPYD,C29R,rs1801265,decreased function,BEB,0.80814,86,0.7428-0.8600
DPYD,C29R,rs1801265,decreased function,EUR,0.785288,503,0.7589-0.8096
DPYD,C29R,rs1801265,decreased function,SAS_EXCL_BEB,0.718362,403,0.6863-0.7483
DPYD,c.2846A>T,rs67376798,decreased function,AFR,0.000756,661,0.0001-0.0043
DPYD,c.2846A>T,rs67376798,decreased function,BEB,0.0,86,0.0000-0.0218
DPYD,c.2846A>T,rs67376798,decreased function,EUR,0.006958,503,0.0034-0.0143
DPYD,c.2846A>T,rs67376798,decreased function,SAS_EXCL_BEB,0.001241,403,0.0002-0.0070
F5,Leiden,rs6025,thrombophilia,AFR,0.0,661,0.0000-0.0029
F5,Leiden,rs6025,thrombophilia,BEB,0.017442,86,0.0059-0.0500
F5,Leiden,rs6025,thrombophilia,EUR,0.011928,503,0.0068-0.0207
F5,Leiden,rs6025,thrombophilia,SAS_EXCL_BEB,0.009926,403,0.0050-0.0195
G6PD,A-,rs1050828,decreased function,AFR,0.134596,661,0.1149-0.1571
G6PD,A-,rs1050828,decreased function,BEB,0.0,86,0.0000-0.0287
G6PD,A-,rs1050828,decreased function,EUR,0.0,503,0.0000-0.0050
G6PD,A-,rs1050828,decreased function,SAS_EXCL_BEB,0.0,403,0.0000-0.0065
G6PD,Mediterranean,rs1050829,no function,AFR,0.337986,661,0.3094-0.3678
G6PD,Mediterranean,rs1050829,no function,BEB,0.0,86,0.0000-0.0287
G6PD,Mediterranean,rs1050829,no function,EUR,0.003916,503,0.0013-0.0115
G6PD,Mediterranean,rs1050829,no function,SAS_EXCL_BEB,0.0,403,0.0000-0.0065
MTHFR,A1298C,rs1801131,decreased function,AFR,0.151286,661,0.1330-0.1716
MTHFR,A1298C,rs1801131,decreased function,BEB,0.412791,86,0.3419-0.4875
MTHFR,A1298C,rs1801131,decreased function,EUR,0.313121,503,0.2852-0.3424
MTHFR,A1298C,rs1801131,decreased function,SAS_EXCL_BEB,0.418114,403,0.3845-0.4525
MTHFR,C677T,rs1801133,decreased function,AFR,0.090015,661,0.0758-0.1067
MTHFR,C677T,rs1801133,decreased function,BEB,0.122093,86,0.0813-0.1794
MTHFR,C677T,rs1801133,decreased function,EUR,0.364811,503,0.3356-0.3950
MTHFR,C677T,rs1801133,decreased function,SAS_EXCL_BEB,0.117866,403,0.0974-0.1420
SLCO1B1,*1B,rs2306283,decreased function,AFR,0.8177,661,0.7960-0.8376
SLCO1B1,*1B,rs2306283,decreased function,BEB,0.563953,86,0.4892-0.6359
SLCO1B1,*1B,rs2306283,decreased function,EUR,0.402584,503,0.3727-0.4332
SLCO1B1,*1B,rs2306283,decreased function,SAS_EXCL_BEB,0.543424,403,0.5089-0.5775
SLCO1B1,*5,rs4149056,decreased function,AFR,0.013616,661,0.0086-0.0214
SLCO1B1,*5,rs4149056,decreased function,BEB,0.052326,86,0.0278-0.0964
SLCO1B1,*5,rs4149056,decreased function,EUR,0.161034,503,0.1396-0.1850
SLCO1B1,*5,rs4149056,decreased function,SAS_EXCL_BEB,0.040943,403,0.0293-0.0569
TPMT,*2,rs1800462,no function,AFR,0.000756,661,0.0001-0.0043
TPMT,*2,rs1800462,no function,BEB,0.0,86,0.0000-0.0218
TPMT,*2,rs1800462,no function,EUR,0.005964,503,0.0027-0.0130
TPMT,*2,rs1800462,no function,SAS_EXCL_BEB,0.0,403,0.0000-0.0047
TPMT,*3A,rs1800460,no function,AFR,0.003026,661,0.0012-0.0078
TPMT,*3A,rs1800460,no function,BEB,0.017442,86,0.0059-0.0500
TPMT,*3A,rs1800460,no function,EUR,0.027833,503,0.0193-0.0399
TPMT,*3A,rs1800460,no function,SAS_EXCL_BEB,0.001241,403,0.0002-0.0070
TPMT,*3C,rs1142345,no function,AFR,0.066566,661,0.0543-0.0813
TPMT,*3C,rs1142345,no function,BEB,0.02907,86,0.0125-0.0662
TPMT,*3C,rs1142345,no function,EUR,0.028827,503,0.0201-0.0411
TPMT,*3C,rs1142345,no function,SAS_EXCL_BEB,0.014888,403,0.0085-0.0258
VKORC1,-1639G>A,rs9923231,sensitivity,AFR,0.054463,661,0.0435-0.0680
VKORC1,-1639G>A,rs9923231,sensitivity,BEB,0.156977,86,0.1102-0.2188
VKORC1,-1639G>A,rs9923231,sensitivity,EUR,0.387674,503,0.3580-0.4182
VKORC1,-1639G>A,rs9923231,sensitivity,SAS_EXCL_BEB,0.14268,403,0.1202-0.1685
VKORC1,1542G>C,rs9934438,sensitivity,AFR,0.054463,661,0.0435-0.0680
VKORC1,1542G>C,rs9934438,sensitivity,BEB,0.156977,86,0.1102-0.2188
VKORC1,1542G>C,rs9934438,sensitivity,EUR,0.387674,503,0.3580-0.4182
VKORC1,1542G>C,rs9934438,sensitivity,SAS_EXCL_BEB,0.14268,403,0.1202-0.1685
VKORC1,2255C>T,rs7294,sensitivity,AFR,0.453858,661,0.4272-0.4808
VKORC1,2255C>T,rs7294,sensitivity,BEB,0.784884,86,0.7176-0.8397
VKORC1,2255C>T,rs7294,sensitivity,EUR,0.365805,503,0.3366-0.3960
VKORC1,2255C>T,rs7294,sensitivity,SAS_EXCL_BEB,0.753102,403,0.7222-0.7816
