rsid,gene,star_allele,function,claimed_orientation_allele,weighted_avg_freq,max_pop_freq,populations_over_50pct,smell_test_flag,dbsnp_1000G_check,dbsnp_disagreement,verdict,notes,source
rs3892097,CYP2D6,*4,no function,T,0.094,0.1859,0,False,T=0.0931,False,PASS,,https://www.ncbi.nlm.nih.gov/snp/rs3892097
rs1065852,CYP2D6,*10,decreased function,A,0.2386,0.5714,1,False,A=0.238,False,PASS,,https://www.ncbi.nlm.nih.gov/snp/rs1065852
rs4244285,CYP2C19,*2,no function,A,0.2249,0.3579,0,False,A=0.2214,False,PASS,,https://www.ncbi.nlm.nih.gov/snp/rs4244285
rs12248560,CYP2C19,*17,increased function,T,0.1517,0.2352,0,False,T=0.1532,False,PASS,,https://www.ncbi.nlm.nih.gov/snp/rs12248560
rs1799853,CYP2C9,*2,decreased function,T,0.0469,0.1243,0,False,T=0.0479,False,PASS,,https://www.ncbi.nlm.nih.gov/snp/rs1799853
rs1057910,CYP2C9,*3,no function,C,0.0508,0.1163,0,False,C=0.0485,False,PASS,,https://www.ncbi.nlm.nih.gov/snp/rs1057910
rs9923231,VKORC1,-1639G>A,sensitivity,T,0.349,0.8849,1,False,T=0.3556,False,PASS,,https://www.ncbi.nlm.nih.gov/snp/rs9923231
rs776746,CYP3A5,*3,no function,C,0.6218,0.9433,5,True,no_matching_1000G_record,,REVIEWED - see notes,"RESOLVED v1: CYP3A5*3 orientation was flipped and has been corrected (see major_limitations.md, fix_tier1.py). Post-fix EUR=0.94/AFR=0.18 matches literature. CYP3A5*3 (non-expressor) IS the global-majority allele outside Africa - smell-test flag here is expected, not a bug.",https://www.ncbi.nlm.nih.gov/snp/rs776746
rs1800462,TPMT,*2,no function,G,0.0021,0.006,0,False,G=0.0022,False,PASS,,https://www.ncbi.nlm.nih.gov/snp/rs1800462
rs1800460,TPMT,*3A,no function,T,0.0129,0.0403,0,False,T=0.0128,False,PASS,,https://www.ncbi.nlm.nih.gov/snp/rs1800460
rs1142345,TPMT,*3C,no function,C,0.0388,0.0666,0,False,C=0.0391,False,PASS,,https://www.ncbi.nlm.nih.gov/snp/rs1142345
rs4149056,SLCO1B1,*5,decreased function,C,0.0865,0.161,0,False,C=0.0877,False,PASS,,https://www.ncbi.nlm.nih.gov/snp/rs4149056
rs2306283,SLCO1B1,*1B,decreased function,G,0.6205,0.8177,4,True,G=0.6224,False,NEEDS_REVIEW,,https://www.ncbi.nlm.nih.gov/snp/rs2306283
rs3745274,CYP2B6,*6,decreased function,T,0.3174,0.3814,0,False,T=0.3157,False,PASS,,https://www.ncbi.nlm.nih.gov/snp/rs3745274
rs2108622,CYP4F2,*3,decreased function,T,0.2427,0.4131,0,False,T=0.2368,False,PASS,,https://www.ncbi.nlm.nih.gov/snp/rs2108622
rs1801133,MTHFR,C677T,decreased function,A,0.2413,0.4741,0,False,A=0.2454,False,PASS,,https://www.ncbi.nlm.nih.gov/snp/rs1801133
rs1801131,MTHFR,A1298C,decreased function,G,0.2548,0.4172,0,False,G=0.2494,False,PASS,,https://www.ncbi.nlm.nih.gov/snp/rs1801131
rs6025,F5,Leiden,thrombophilia,T,0.0064,0.0174,0,False,no_matching_1000G_record,,PASS,,https://www.ncbi.nlm.nih.gov/snp/rs6025
rs1050828,G6PD,A-,decreased function,T,0.2736,0.3434,0,False,T=0.0376,True,NEEDS_REVIEW,,https://www.ncbi.nlm.nih.gov/snp/rs1050828
rs1050829,G6PD,Mediterranean,no function,C,0.3151,0.4977,0,False,C=0.0946,True,NEEDS_REVIEW,,https://www.ncbi.nlm.nih.gov/snp/rs1050829
rs2242480,CYP3A4,*1G,uncertain function (relabeled from erroneous *22; *1G functional classification not independently confirmed for v1 - see major_limitations.md),T,0.4201,0.8502,1,False,T=0.4217,False,REVIEWED - see notes,"RESOLVED v1: star_allele relabeled *22 -> *1G (was mislabeled; true *22 defining variant is rs35599367, not in this dataset). Frequency/orientation itself was never wrong for this SNP - only the star-allele name was.",https://www.ncbi.nlm.nih.gov/snp/rs2242480
rs4986893,CYP2C19,*3,no function,A,0.0145,0.0556,0,False,A=0.0142,False,PASS,,https://www.ncbi.nlm.nih.gov/snp/rs4986893
rs7294,VKORC1,2255C>T,sensitivity,T,0.4319,0.7849,2,False,T=0.4197,False,PASS,,https://www.ncbi.nlm.nih.gov/snp/rs7294
rs9934438,VKORC1,1542G>C,sensitivity,A,0.3492,0.8849,1,False,A=0.3558,False,PASS,,https://www.ncbi.nlm.nih.gov/snp/rs9934438
rs28399499,CYP2B6,*4,no function,C,0.0224,0.0825,0,False,C=0.0232,False,PASS,,https://www.ncbi.nlm.nih.gov/snp/rs28399499
rs1801265,DPYD,rs1801265 (not *2A),no function,G,0.2579,0.4418,0,False,no_matching_1000G_record,,PASS,,https://www.ncbi.nlm.nih.gov/snp/rs1801265
rs67376798,DPYD,c.2846A>T,decreased function,A,0.0021,0.007,0,False,A=0.0022,False,PASS,,https://www.ncbi.nlm.nih.gov/snp/rs67376798
