gene_id,variant_rsid,star_allele,population,allele_frequency,genotype_counts,sample_size,confidence_interval,ref_allele,alt_allele,notes
CYP3A4,rs35599367,*22,BEB,0.0,"{""hom_ref"": 86, ""het"": 0, ""hom_alt"": 0}",86,0.0000-0.0218,G,A,"PGx allele: A (orientation: ALT) -- v1 addition: true CYP3A4*22 defining variant (rs35599367), not in original dataset."
CYP3A4,rs35599367,*22,SAS,0.006135,"{""hom_ref"": 483, ""het"": 6, ""hom_alt"": 0}",489,0.0028-0.0133,G,A,"PGx allele: A (orientation: ALT) -- v1 addition: true CYP3A4*22 defining variant (rs35599367), not in original dataset."
CYP3A4,rs35599367,*22,EUR,0.049702,"{""hom_ref"": 454, ""het"": 48, ""hom_alt"": 1}",503,0.0379-0.0649,G,A,"PGx allele: A (orientation: ALT) -- v1 addition: true CYP3A4*22 defining variant (rs35599367), not in original dataset."
CYP3A4,rs35599367,*22,EAS,0.0,"{""hom_ref"": 504, ""het"": 0, ""hom_alt"": 0}",504,0.0000-0.0038,G,A,"PGx allele: A (orientation: ALT) -- v1 addition: true CYP3A4*22 defining variant (rs35599367), not in original dataset."
CYP3A4,rs35599367,*22,AFR,0.000756,"{""hom_ref"": 660, ""het"": 1, ""hom_alt"": 0}",661,0.0001-0.0043,G,A,"PGx allele: A (orientation: ALT) -- v1 addition: true CYP3A4*22 defining variant (rs35599367), not in original dataset."
CYP3A4,rs35599367,*22,AMR,0.025937,"{""hom_ref"": 329, ""het"": 18, ""hom_alt"": 0}",347,0.0165-0.0406,G,A,"PGx allele: A (orientation: ALT) -- v1 addition: true CYP3A4*22 defining variant (rs35599367), not in original dataset."
CYP3A4,rs35599367,*22,SAS_other,0.007444,"{""hom_ref"": 397, ""het"": 6, ""hom_alt"": 0}",403,0.0034-0.0161,G,A,"PGx allele: A (orientation: ALT) -- SAS superpopulation excluding the 86 BEB samples, for an independent BEB-vs-SAS_other contrast."
DPYD,rs1801265,,SAS_other,0.718362,"{""hom_ref"": 26, ""het"": 175, ""hom_alt"": 202}",403,0.6863-0.7483,G,A,PGx allele: A (orientation: ALT) -- SAS_other = SAS superpopulation excluding the 86 BEB samples.
MTHFR,rs1801133,,SAS_other,0.117866,"{""hom_ref"": 312, ""het"": 87, ""hom_alt"": 4}",403,0.0974-0.1420,G,A,PGx allele: A (orientation: ALT) -- SAS_other = SAS superpopulation excluding the 86 BEB samples.
MTHFR,rs1801131,,SAS_other,0.418114,"{""hom_ref"": 137, ""het"": 195, ""hom_alt"": 71}",403,0.3845-0.4525,T,G,PGx allele: G (orientation: ALT) -- SAS_other = SAS superpopulation excluding the 86 BEB samples.
F5,rs6025,,SAS_other,0.990074,"{""hom_ref"": 0, ""het"": 8, ""hom_alt"": 395}",403,0.9805-0.9950,T,C,PGx allele: C (orientation: ALT) -- SAS_other = SAS superpopulation excluding the 86 BEB samples.
DPYD,rs67376798,,SAS_other,0.001241,"{""hom_ref"": 402, ""het"": 1, ""hom_alt"": 0}",403,0.0002-0.0070,T,A,PGx allele: A (orientation: ALT) -- SAS_other = SAS superpopulation excluding the 86 BEB samples.
CYP2C19,rs12248560,,SAS_other,0.141439,"{""hom_ref"": 301, ""het"": 90, ""hom_alt"": 12}",403,0.1191-0.1672,C,T,PGx allele: T (orientation: ALT) -- SAS_other = SAS superpopulation excluding the 86 BEB samples.
CYP2C19,rs4986893,,SAS_other,0.009926,"{""hom_ref"": 395, ""het"": 8, ""hom_alt"": 0}",403,0.0050-0.0195,G,A,PGx allele: A (orientation: ALT) -- SAS_other = SAS superpopulation excluding the 86 BEB samples.
CYP2C19,rs4244285,,SAS_other,0.364764,"{""hom_ref"": 173, ""het"": 166, ""hom_alt"": 64}",403,0.3322-0.3986,G,A,PGx allele: A (orientation: ALT) -- SAS_other = SAS superpopulation excluding the 86 BEB samples.
CYP2C9,rs1799853,,SAS_other,0.038462,"{""hom_ref"": 373, ""het"": 29, ""hom_alt"": 1}",403,0.0272-0.0541,C,T,PGx allele: T (orientation: ALT) -- SAS_other = SAS superpopulation excluding the 86 BEB samples.
CYP2C9,rs1057910,,SAS_other,0.10794,"{""hom_ref"": 319, ""het"": 81, ""hom_alt"": 3}",403,0.0883-0.1313,A,C,PGx allele: C (orientation: ALT) -- SAS_other = SAS superpopulation excluding the 86 BEB samples.
SLCO1B1,rs4149056,,SAS_other,0.040943,"{""hom_ref"": 372, ""het"": 29, ""hom_alt"": 2}",403,0.0293-0.0569,T,C,PGx allele: C (orientation: ALT) -- SAS_other = SAS superpopulation excluding the 86 BEB samples.
SLCO1B1,rs2306283,,SAS_other,0.543424,"{""hom_ref"": 90, ""het"": 188, ""hom_alt"": 125}",403,0.5089-0.5775,A,G,PGx allele: G (orientation: ALT) -- SAS_other = SAS superpopulation excluding the 86 BEB samples.
VKORC1,rs7294,,SAS_other,0.753102,"{""hom_ref"": 26, ""het"": 147, ""hom_alt"": 230}",403,0.7222-0.7816,C,T,PGx allele: T (orientation: ALT) -- SAS_other = SAS superpopulation excluding the 86 BEB samples.
VKORC1,rs9923231,,SAS_other,0.14268,"{""hom_ref"": 299, ""het"": 93, ""hom_alt"": 11}",403,0.1202-0.1685,C,T,PGx allele: T (orientation: ALT) -- SAS_other = SAS superpopulation excluding the 86 BEB samples.
VKORC1,rs9934438,,SAS_other,0.14268,"{""hom_ref"": 299, ""het"": 93, ""hom_alt"": 11}",403,0.1202-0.1685,G,A,PGx allele: A (orientation: ALT) -- SAS_other = SAS superpopulation excluding the 86 BEB samples.
CYP4F2,rs2108622,,SAS_other,0.413151,"{""hom_ref"": 145, ""het"": 183, ""hom_alt"": 75}",403,0.3796-0.4475,C,T,PGx allele: T (orientation: ALT) -- SAS_other = SAS superpopulation excluding the 86 BEB samples.
CYP2B6,rs28399499,,SAS_other,0.0,"{""hom_ref"": 403, ""het"": 0, ""hom_alt"": 0}",403,0.0000-0.0047,T,C,PGx allele: C (orientation: ALT) -- SAS_other = SAS superpopulation excluding the 86 BEB samples.
CYP2B6,rs3745274,,SAS_other,0.384615,"{""hom_ref"": 155, ""het"": 186, ""hom_alt"": 62}",403,0.3517-0.4187,G,T,PGx allele: T (orientation: ALT) -- SAS_other = SAS superpopulation excluding the 86 BEB samples.
CYP2D6,rs1065852,,SAS_other,0.145161,"{""hom_ref"": 296, ""het"": 97, ""hom_alt"": 10}",403,0.1225-0.1712,G,A,PGx allele: A (orientation: ALT) -- SAS_other = SAS superpopulation excluding the 86 BEB samples.
CYP2D6,rs3892097,,SAS_other,0.1067,"{""hom_ref"": 326, ""het"": 68, ""hom_alt"": 9}",403,0.0872-0.1299,C,T,PGx allele: T (orientation: ALT) -- SAS_other = SAS superpopulation excluding the 86 BEB samples.
TPMT,rs1142345,,SAS_other,0.014888,"{""hom_ref"": 391, ""het"": 12, ""hom_alt"": 0}",403,0.0085-0.0258,T,C,PGx allele: C (orientation: ALT) -- SAS_other = SAS superpopulation excluding the 86 BEB samples.
TPMT,rs1800460,,SAS_other,0.001241,"{""hom_ref"": 402, ""het"": 1, ""hom_alt"": 0}",403,0.0002-0.0070,C,T,PGx allele: T (orientation: ALT) -- SAS_other = SAS superpopulation excluding the 86 BEB samples.
TPMT,rs1800462,,SAS_other,0.0,"{""hom_ref"": 403, ""het"": 0, ""hom_alt"": 0}",403,0.0000-0.0047,C,G,PGx allele: G (orientation: ALT) -- SAS_other = SAS superpopulation excluding the 86 BEB samples.
CYP3A4,rs2242480,,SAS_other,0.370968,"{""hom_ref"": 163, ""het"": 181, ""hom_alt"": 59}",403,0.3383-0.4049,C,T,PGx allele: T (orientation: ALT) -- SAS_other = SAS superpopulation excluding the 86 BEB samples.
CYP3A5,rs776746,,SAS_other,0.325062,"{""hom_ref"": 188, ""het"": 168, ""hom_alt"": 47}",403,0.2936-0.3582,C,T,PGx allele: T (orientation: ALT) -- SAS_other = SAS superpopulation excluding the 86 BEB samples.
